n_car	n_hhv6	CD3D	CD3E	CD4	CD8A	CD8B	nGExpUMIs	pctMito	channel
TTGAACGGTTCCCTTG-1	NA	165	1	1	2	0	0	2428	9.30807248764415	BBB7
AGGGAGTTCTCATTCA-1	NA	141	0	0	0	0	0	1003	14.0578265204387	BBB7
GACGTTACAGCATACT-1	NA	123	2	1	1	0	0	1585	3.78548895899054	BBB7
CGCGTTTGTGTTTGGT-1	NA	52	0	1	0	0	0	885	10.0564971751412	BBB7
TGCCAAAAGCTTATCG-1	1	16	3	1	0	0	0	3919	8.47154886450625	BBB7
CTCGGGAGTCTCCATC-1	NA	15	1	0	0	0	0	828	0.72463768115942	BBB7
ACACCCTCATCTGGTA-1	NA	1	12	5	0	1	0	3819	6.59858601728201	BBB7
CACAAACGTGAAATCA-1	NA	1	0	0	0	0	0	1389	64.8668106551476	BBB7
GACAGAGCATACTACG-1	NA	1	0	0	0	0	0	1566	21.0089399744572	BBB7
GACGCGTTCTGCCCTA-1	NA	1	12	7	0	0	0	4487	3.81100958324047	BBB7
GATGCTATCCGAAGAG-1	NA	1	4	2	0	2	2	2310	5.8008658008658	BBB7
GGGTTGCCACGTGAGA-1	NA	1	0	0	0	0	0	813	66.1746617466175	BBB7
GGGTTGCGTAGCTGCC-1	NA	1	0	1	0	0	0	1639	5.12507626601586	BBB7
TAGGCATAGTTACCCA-1	5	1	21	9	2	3	6	27736	6.32391116238823	BBB7
TCTATTGTCAATCACG-1	NA	1	3	2	0	0	0	2291	11.1305106940201	BBB7
