n_car	n_hhv6	CD3D	CD3E	CD4	CD8A	CD8B	ZAP70	LCK	TNF	GZMK	GNLY	KLRG1	ZEB2	NKG7	nTCRA	nTCRB	nGExpUMIs	pctMito	patient	channel
TCAGGTACAATCCAAC-1	NA	578	0	0	0	0	0	2	1	0	0	4	0	0	1	NA	1	2010	30.8955223880597	Axi-R-15	E1_2
CGACCTTTCCCTAATT-1	1	285	2	6	0	0	0	1	2	0	0	0	1	0	0	2	7	6805	5.49595885378398	Axi-R-15	E1_1
GTCAAGTCAGGCGATA-1	NA	24	0	0	0	0	0	0	1	0	0	1	0	0	0	NA	NA	499	22.8456913827655	Axi-R-15	E1_1
CTGAAACTCCAACCAA-1	NA	8	1	0	0	0	0	0	0	0	0	0	0	0	0	NA	NA	730	37.6712328767123	Axi-R-15	F1
CAACCTCTCAACTCTT-1	NA	2	13	12	0	21	2	3	4	0	4	205	0	5	70	23	52	16958	3.88017454888548	Tisa-R-32	E1_2
GGGATGACACTTACGA-1	2	1	1	1	2	0	0	0	2	0	0	0	0	2	1	NA	NA	13308	5.75593627892997	Axi-N-07	E1_1
CATCGGGGTGTCGCTG-1	NA	1	0	0	0	1	0	0	0	0	0	0	0	3	0	NA	NA	5530	7.08860759493671	Axi-N-07	E1_2
